optimizer_step,train_loss,validation_loss,stale_checks,meaningful_reference
150,6.922713813781738,6.919906399466774,0,
300,6.916210482915242,6.919459169561213,0,
450,6.9150844637552895,6.918228452855891,0,
600,6.91468297958374,6.918147390538996,0,
750,6.914172105789184,6.917799992994829,0,6.917799992994829
900,6.913473478953043,6.918660380623558,1,6.917799992994829
1050,6.912674150466919,6.916858933188698,2,6.917799992994829
1200,6.911903508504232,6.9160589738325635,3,6.917799992994829
1350,6.91158535639445,6.9162728569724345,4,6.917799992994829
1500,6.910893672307332,6.915747382424095,5,6.917799992994829
